{"cameraMode":{"drawMode":0,"name":"Shaded","section":"Shading Mode"},"sceneLighting":false,"audioPlay":false,"sceneViewState":{"showFog":true,"showMaterialUpdate":false,"showSkybox":true,"showFlares":true,"showImageEffects":true,"showParticleSystems":true},"in2DMode":false,"pivot":{"x":-19.775381088256837,"y":9.892477035522461,"z":2.6367034912109377},"rotation":{"x":-0.2967720329761505,"y":0.5427484512329102,"z":-0.21294105052947999,"w":-0.7563692331314087},"size":6.373916149139404,"orthographic":false}