{"cameraMode":{"drawMode":0,"name":"Shaded","section":"Shading Mode"},"sceneLighting":true,"audioPlay":false,"sceneViewState":{"showFog":true,"showMaterialUpdate":false,"showSkybox":true,"showFlares":true,"showImageEffects":true,"showParticleSystems":true},"in2DMode":false,"pivot":{"x":0.5789430737495422,"y":10.906319618225098,"z":1.065443992614746},"rotation":{"x":0.2410033494234085,"y":0.5127987861633301,"z":-0.15271995961666108,"w":0.8098238110542297},"size":3.345275402069092,"orthographic":false}