{"cameraMode":{"drawMode":0,"name":"Shaded","section":"Shading Mode"},"sceneLighting":false,"audioPlay":false,"sceneViewState":{"showFog":true,"showMaterialUpdate":false,"showSkybox":true,"showFlares":true,"showImageEffects":true,"showParticleSystems":true},"in2DMode":false,"pivot":{"x":-18.00550651550293,"y":1.9464083909988404,"z":-5.379114151000977},"rotation":{"x":0.11296071112155914,"y":-0.8629913926124573,"z":0.22163721919059754,"w":0.4397727847099304},"size":30.70285415649414,"orthographic":false}