{"cameraMode":{"drawMode":0,"name":"Shaded","section":"Shading Mode"},"sceneLighting":false,"audioPlay":false,"sceneViewState":{"showFog":true,"showMaterialUpdate":false,"showSkybox":true,"showFlares":true,"showImageEffects":true,"showParticleSystems":true},"in2DMode":false,"pivot":{"x":-7.102104187011719,"y":-5.8346710205078129,"z":-3.1587276458740236},"rotation":{"x":0.31890618801116946,"y":0.5374258160591126,"z":-0.22971606254577638,"w":0.7461972236633301},"size":35.61091613769531,"orthographic":false}