{"cameraMode":{"drawMode":0,"name":"Shaded","section":"Shading Mode"},"sceneLighting":false,"audioPlay":false,"sceneViewState":{"showFog":true,"showMaterialUpdate":false,"showSkybox":true,"showFlares":true,"showImageEffects":true,"showParticleSystems":true},"in2DMode":false,"pivot":{"x":-29.78316307067871,"y":1.347886085510254,"z":8.680583953857422},"rotation":{"x":0.11340905725955963,"y":0.1455066204071045,"z":-0.016804464161396028,"w":0.9827096462249756},"size":0.4301157593727112,"orthographic":false}