{"cameraMode":{"drawMode":0,"name":"Shaded","section":"Shading Mode"},"sceneLighting":false,"audioPlay":false,"sceneViewState":{"showFog":true,"showMaterialUpdate":false,"showSkybox":true,"showFlares":true,"showImageEffects":true,"showParticleSystems":true},"in2DMode":false,"pivot":{"x":-17.700061798095704,"y":10.737076759338379,"z":-10.318443298339844},"rotation":{"x":0.04023149982094765,"y":-0.8814871907234192,"z":0.0763402134180069,"w":0.46429556608200076},"size":30.70285415649414,"orthographic":false}