{"cameraMode":{"drawMode":0,"name":"Shaded","section":"Shading Mode"},"sceneLighting":true,"audioPlay":false,"sceneViewState":{"showFog":true,"showMaterialUpdate":false,"showSkybox":true,"showFlares":true,"showImageEffects":true,"showParticleSystems":true},"in2DMode":false,"pivot":{"x":-22.531848907470704,"y":-10.69739055633545,"z":-7.973925590515137},"rotation":{"x":0.09852180629968643,"y":-0.8529742956161499,"z":0.17403221130371095,"w":0.48244819045066836},"size":30.226463317871095,"orthographic":false}