{"cameraMode":{"drawMode":0,"name":"Shaded","section":"Shading Mode"},"sceneLighting":false,"audioPlay":false,"sceneViewState":{"showFog":true,"showMaterialUpdate":false,"showSkybox":true,"showFlares":true,"showImageEffects":true,"showParticleSystems":true},"in2DMode":false,"pivot":{"x":16.049102783203126,"y":43.482818603515628,"z":-138.33526611328126},"rotation":{"x":-0.015266821719706059,"y":0.9822530150413513,"z":0.09221384674310684,"w":0.1628522276878357},"size":133.18992614746095,"orthographic":false}