{"cameraMode":{"drawMode":0,"name":"Shaded","section":"Shading Mode"},"sceneLighting":false,"audioPlay":false,"sceneViewState":{"showFog":true,"showMaterialUpdate":false,"showSkybox":true,"showFlares":true,"showImageEffects":true,"showParticleSystems":true},"in2DMode":false,"pivot":{"x":-148.17356872558595,"y":-3.417053461074829,"z":2.7684264183044435},"rotation":{"x":-0.01888957805931568,"y":0.6988537311553955,"z":-0.018437067046761514,"w":-0.7148340344429016},"size":131.8468475341797,"orthographic":false}