{"cameraMode":{"drawMode":0,"name":"Shaded","section":"Shading Mode"},"sceneLighting":false,"audioPlay":false,"sceneViewState":{"showFog":true,"showMaterialUpdate":false,"showSkybox":true,"showFlares":true,"showImageEffects":true,"showParticleSystems":true},"in2DMode":false,"pivot":{"x":-28.728572845458986,"y":6.483310699462891,"z":9.134631156921387},"rotation":{"x":-0.21230199933052064,"y":0.34394699335098269,"z":-0.08012375980615616,"w":-0.9112213850021362},"size":3.3988394737243654,"orthographic":false}