{"cameraMode":{"drawMode":0,"name":"Shaded","section":"Shading Mode"},"sceneLighting":false,"audioPlay":false,"sceneViewState":{"showFog":true,"showMaterialUpdate":false,"showSkybox":true,"showFlares":true,"showImageEffects":true,"showParticleSystems":true},"in2DMode":false,"pivot":{"x":-19.266414642333986,"y":8.99837589263916,"z":1.5526570081710816},"rotation":{"x":-0.2967720329761505,"y":0.5427484512329102,"z":-0.21294105052947999,"w":-0.7563692331314087},"size":6.373916149139404,"orthographic":false}