{"cameraMode":{"drawMode":0,"name":"Shaded","section":"Shading Mode"},"sceneLighting":false,"audioPlay":false,"sceneViewState":{"showFog":true,"showMaterialUpdate":false,"showSkybox":true,"showFlares":true,"showImageEffects":true,"showParticleSystems":true},"in2DMode":false,"pivot":{"x":-14.830387115478516,"y":0.9500274658203125,"z":6.228736877441406},"rotation":{"x":0.18593333661556245,"y":-0.7755656838417053,"z":0.26642918586730959,"w":0.541244626045227},"size":37.7318115234375,"orthographic":false}