{"cameraMode":{"drawMode":0,"name":"Shaded","section":"Shading Mode"},"sceneLighting":false,"audioPlay":false,"sceneViewState":{"showFog":true,"showMaterialUpdate":false,"showSkybox":true,"showFlares":true,"showImageEffects":true,"showParticleSystems":true},"in2DMode":false,"pivot":{"x":-13.550292015075684,"y":1.9949079751968384,"z":5.998770236968994},"rotation":{"x":0.2091454267501831,"y":-0.5155341029167175,"z":0.13283778727054597,"w":0.8205516934394836},"size":3.297541379928589,"orthographic":false}