{"cameraMode":{"drawMode":0,"name":"Shaded","section":"Shading Mode"},"sceneLighting":false,"audioPlay":false,"sceneViewState":{"showFog":true,"showMaterialUpdate":false,"showSkybox":true,"showFlares":true,"showImageEffects":true,"showParticleSystems":true},"in2DMode":false,"pivot":{"x":-21.326000213623048,"y":9.631402015686036,"z":-2.70717716217041},"rotation":{"x":-0.2967720329761505,"y":0.5427484512329102,"z":-0.21294105052947999,"w":-0.7563692331314087},"size":5.773915767669678,"orthographic":false}