{"cameraMode":{"drawMode":0,"name":"Shaded","section":"Shading Mode"},"sceneLighting":true,"audioPlay":false,"sceneViewState":{"showFog":true,"showMaterialUpdate":false,"showSkybox":true,"showFlares":true,"showImageEffects":true,"showParticleSystems":true},"in2DMode":false,"pivot":{"x":20.167341232299806,"y":-7.76247501373291,"z":-1.67684006690979},"rotation":{"x":0.16144998371601106,"y":0.7959309816360474,"z":-0.242178276181221,"w":0.5309858322143555},"size":21.147729873657228,"orthographic":false}